name,phone
James,Butt
Josephine,Darakjy
Art,Venere
Lenna,Paprocki
Donette,Foller
Simona,Morasca
Mitsue,Tollner
Leota,Dilliard
Sage,Wieser
Kris,Marrier
Minna,Amigon
Abel,Maclead
Kiley,Caldarera
Graciela,Ruta
Cammy,Albares
Mattie,Poquette
Meaghan,Garufi
Gladys,Rim
Yuki,Whobrey
Fletcher,Flosi
Bette,Nicka
Veronika,Inouye
Willard,Kolmetz
Maryann,Royster
Alisha,Slusarski
Allene,Iturbide
Chanel,Caudy
Ezekiel,Chui
Willow,Kusko
Bernardo,Figeroa
Ammie,Corrio
Francine,Vocelka
Ernie,Stenseth
Albina,Glick
Alishia,Sergi
Solange,Shinko
Jose,Stockham
Rozella,Ostrosky
Valentine,Gillian
Kati,Rulapaugh
Youlanda,Schemmer
Dyan,Oldroyd
Roxane,Campain
Lavera,Perin
Erick,Ferencz
Fatima,Saylors
Jina,Briddick
Kanisha,Waycott
Emerson,Bowley
Blair,Malet
